0,-1.39E-17
0.0005,5.52E-17
0.001,-1.80E-18
0.0015,-4.80E-17
0.002,-3.88E-17
0.0025,-8.44E-17
0.003,6.87E-17
0.0035,-6.75E-17
0.004,5.10E-17
0.0045,-3.38E-17
0.005,-7.32E-17
0.0055,-3.60E-17
0.006,-7.03E-17
0.0065,-4.54E-17
0.007,1.94E-17
0.0075,-1.42E-16
0.008,3.55E-17
0.0085,-5.52E-17
0.009,-4.75E-17
0.0095,-4.24E-17
0.01,-4.32E-17
0.0105,-4.51E-17
0.011,-6.40E-17
0.0115,-6.15E-17
0.012,-8.01E-17
0.0125,-8.22E-18
0.013,-1.71E-17
0.0135,-8.11E-17
0.014,6.11E-18
0.0145,1.66E-18
0.015,-1.28E-17
0.0155,-2.58E-17
0.016,-4.18E-17
0.0165,-9.47E-17
0.017,-4.48E-17
0.0175,-4.13E-17
0.018,-5.01E-17
0.0185,3.66E-17
0.019,-4.86E-17
0.0195,-1.99E-17
0.02,-2.95E-17
0.0205,-1.97E-17
0.021,3.33E-17
0.0215,-3.84E-17
0.022,1.75E-17
0.0225,-5.92E-17
0.023,-1.35E-17
0.0235,-4.45E-17
0.024,-4.13E-17
0.0245,-5.07E-17
0.025,1.12E-17
0.0255,-4.92E-17
0.026,-7.48E-17
0.0265,1.30E-17
0.027,-3.23E-17
0.0275,1.36E-17
0.028,-4.95E-17
0.0285,-4.85E-17
0.029,-1.69E-17
0.0295,-4.17E-17
0.03,-2.17E-17
0.0305,-2.90E-17
0.031,7.64E-18
0.0315,-1.55E-18
0.032,-1.43E-18
0.0325,-2.02E-17
0.033,-2.03E-17
0.0335,-1.32E-18
0.034,-1.93E-18
0.0345,-1.84E-17
0.035,-8.19E-17
0.0355,3.83E-17
0.036,3.86E-18
0.0365,-2.63E-17
0.037,-1.52E-17
0.0375,-1.93E-17
0.038,-1.04E-17
0.0385,-8.30E-17
0.039,-2.04E-17
0.0395,-4.41E-17
0.04,-4.95E-17
0.0405,-1.82E-17
0.041,-7.68E-18
0.0415,-4.36E-17
0.042,5.89E-19
0.0425,-3.76E-17
0.043,-1.79E-17
0.0435,-3.45E-17
0.044,-2.55E-17
0.0445,-7.32E-18
0.045,3.47E-18
0.0455,-2.03E-17
0.046,1.28E-17
0.0465,-4.46E-17
0.047,-2.12E-18
0.0475,-3.95E-17
0.048,-7.63E-18
0.0485,-2.26E-17
0.049,-1.85E-17
0.0495,-3.35E-17
0.05,-2.90E-17
0.0505,5.79E-18
0.051,-2.16E-17
0.0515,-2.19E-17
0.052,-7.02E-18
0.0525,-2.88E-17
0.053,5.85E-18
0.0535,-2.90E-17
0.054,-1.33E-17
0.0545,-1.81E-18
0.055,-5.13E-18
0.0555,-2.39E-17
0.056,-1.55E-17
0.0565,-1.17E-17
0.057,-9.46E-18
0.0575,-2.23E-17
0.058,-1.75E-17
0.0585,1.78E-18
0.059,-1.02E-17
0.0595,-1.92E-17
0.06,-3.88E-18
0.0605,-1.16E-17
0.061,-4.50E-18
0.0615,-9.79E-18
0.062,1.76E-18
0.0625,-4.14E-18
0.063,1.95E-18
0.0635,-3.68E-18
0.064,-1.77E-18
0.0645,-7.99E-19
0.065,-3.16E-18
0.0655,6.30E-19
0.066,-1.93E-18
0.0665,-1.69E-19
0.067,-2.81E-19
0.0675,4.61E-19
0.068,1.74E-18
0.0685,-5.62E-19
0.069,3.09E-18
0.0695,1.02E-18
0.07,2.66E-18
0.0705,4.59E-18
0.071,-6.09E-20
0.0715,2.53E-18
0.072,6.21E-18
0.0725,5.15E-18
0.073,5.70E-18
0.0735,4.58E-18
0.074,8.49E-18
0.0745,6.80E-18
0.075,3.71E-18
0.0755,4.00E-18
0.076,5.93E-18
0.0765,1.85E-17
0.077,1.06E-17
0.0775,-2.81E-18
0.078,7.52E-18
0.0785,-1.60E-18
0.079,1.95E-17
0.0795,1.42E-17
0.08,1.43E-17
0.0805,1.93E-17
0.081,-7.86E-19
0.0815,1.13E-17
0.082,2.05E-17
0.0825,2.31E-17
0.083,3.48E-18
0.0835,4.18E-17
0.084,-1.67E-17
0.0845,1.48E-17
0.085,2.24E-17
0.0855,1.18E-17
0.086,9.21E-18
0.0865,2.68E-18
0.087,-1.99E-17
0.0875,2.57E-17
0.088,1.97E-17
0.0885,3.92E-17
0.089,1.87E-17
0.0895,4.35E-17
0.09,3.99E-17
0.0905,5.71E-17
0.091,2.96E-17
0.0915,4.72E-17
0.092,2.79E-17
0.0925,5.00E-17
0.093,4.77E-18
0.0935,2.35E-17
0.094,4.52E-17
0.0945,2.84E-17
0.095,4.99E-17
0.0955,4.64E-18
0.096,3.78E-17
0.0965,3.92E-17
0.097,3.81E-17
0.0975,3.72E-18
0.098,5.34E-17
0.0985,-1.19E-17
0.099,2.18E-17
0.0995,5.47E-17
0.1,-7.80E-18
0.1005,3.15E-17
0.101,-1.56E-17
0.1015,5.86E-17
0.102,1.41E-17
0.1025,4.25E-17
0.103,4.85E-17
0.1035,2.37E-17
0.104,1.43E-17
0.1045,4.91E-17
0.105,-5.67E-18
0.1055,2.85E-17
0.106,-5.84E-18
0.1065,2.23E-17
0.107,4.67E-17
0.1075,-3.72E-18
0.108,2.32E-17
0.1085,4.09E-17
0.109,4.59E-17
0.1095,3.59E-17
0.11,9.84E-17
0.1105,3.60E-17
0.111,1.79E-17
0.1115,5.01E-17
0.112,4.21E-17
0.1125,4.19E-17
0.113,5.04E-17
0.1135,1.65E-17
0.114,4.12E-17
0.1145,2.41E-17
0.115,-7.47E-18
0.1155,6.07E-17
0.116,2.47E-17
0.1165,1.01E-16
0.117,1.04E-17
0.1175,9.78E-17
0.118,6.37E-17
0.1185,3.77E-17
0.119,1.81E-17
0.1195,4.76E-17
0.12,5.17E-17
0.1205,1.36E-16
0.121,-2.66E-17
0.1215,1.08E-16
0.122,3.15E-17
0.1225,8.09E-17
0.123,3.51E-17
0.1235,3.89E-17
0.124,6.97E-17
0.1245,4.53E-17
0.125,-1.83E-17
0.1255,8.30E-17
0.126,4.93E-17
0.1265,-2.00E-17
0.127,3.05E-17
0.1275,2.80E-17
0.128,1.51E-17
0.1285,4.17E-17
0.129,2.33E-17
0.1295,-4.89E-18
0.13,2.37E-17
0.1305,4.01E-17
0.131,7.60E-17
0.1315,1.88E-17
0.132,6.27E-18
0.1325,1.14E-16
0.133,-2.30E-17
0.1335,6.08E-17
0.134,-1.48E-17
0.1345,2.60E-17
0.135,9.61E-17
0.1355,8.27E-17
0.136,6.62E-17
0.1365,4.28E-17
0.137,2.28E-17
0.1375,-3.15E-17
0.138,-2.68E-17
0.1385,3.59E-17
0.139,1.31E-17
0.1395,6.93E-17
0.14,4.51E-17
0.1405,3.80E-17
0.141,9.05E-17
0.1415,9.30E-17
0.142,3.05E-17
0.1425,7.27E-17
0.143,6.89E-17
0.1435,4.20E-17
0.144,2.34E-17
0.1445,2.21E-17
0.145,-9.34E-18
0.1455,4.27E-17
0.146,7.13E-17
0.1465,6.25E-17
0.147,9.65E-17
0.1475,1.68E-17
0.148,-6.10E-18
0.1485,-1.99E-17
0.149,-4.44E-17
0.1495,-7.60E-18
0.15,7.48E-17
0.1505,4.36E-17
0.151,1.08E-17
0.1515,7.08E-17
0.152,9.64E-17
0.1525,3.65E-17
0.153,4.52E-17
0.1535,4.27E-17
0.154,1.66E-17
0.1545,4.86E-17
0.155,2.19E-17
0.1555,-3.34E-17
0.156,3.68E-17
0.1565,1.64E-17
0.157,5.51E-17
0.1575,-3.15E-17
0.158,-3.18E-17
0.1585,5.62E-17
0.159,3.98E-17
0.1595,7.25E-17
0.16,3.31E-17
0.1605,5.52E-17
0.161,6.16E-18
0.1615,7.77E-17
0.162,-9.27E-18
0.1625,1.43E-17
0.163,8.21E-17
0.1635,2.02E-17
0.164,-5.27E-18
0.1645,8.87E-19
0.165,1.72E-18
0.1655,1.97E-17
0.166,4.95E-17
0.1665,1.49E-17
0.167,7.60E-17
0.1675,1.63E-17
0.168,-3.86E-17
0.1685,6.28E-17
0.169,-7.58E-18
0.1695,2.25E-17
0.17,2.03E-17
0.1705,-8.92E-19
0.171,3.83E-17
0.1715,2.91E-17
0.172,4.05E-17
0.1725,5.54E-17
0.173,6.32E-17
0.1735,3.37E-18
0.174,1.59E-17
0.1745,6.32E-17
0.175,1.77E-18
0.1755,3.60E-17
0.176,6.29E-17
0.1765,2.37E-17
0.177,6.48E-17
0.1775,1.12E-18
0.178,2.33E-17
0.1785,8.45E-18
0.179,3.55E-17
0.1795,4.47E-17
0.18,1.84E-17
0.1805,3.92E-17
0.181,6.30E-18
0.1815,1.44E-17
0.182,-1.27E-17
0.1825,-2.86E-17
0.183,2.43E-17
0.1835,2.01E-17
0.184,1.18E-17
0.1845,2.53E-17
0.185,3.50E-18
0.1855,3.95E-17
0.186,1.98E-17
0.1865,3.88E-17
0.187,-7.45E-18
0.1875,4.71E-18
0.188,2.80E-17
0.1885,-3.37E-19
0.189,1.96E-17
0.1895,-1.21E-18
0.19,-1.02E-18
0.1905,1.22E-17
0.191,2.42E-17
0.1915,7.26E-18
0.192,1.86E-17
0.1925,8.88E-18
0.193,4.01E-18
0.1935,1.45E-17
0.194,-1.07E-17
0.1945,1.62E-17
0.195,5.32E-19
0.1955,4.79E-18
0.196,1.28E-17
0.1965,2.10E-18
0.197,-1.52E-18
0.1975,7.43E-18
0.198,-2.55E-18
0.1985,1.50E-18
0.199,1.23E-18
0.1995,2.45E-21
0.2,1.34E-18
0.2005,1.91E-18
0.201,3.43E-19
0.2015,-5.72E-19
0.202,-7.88E-19
0.2025,-7.72E-19
0.203,-6.21E-19
0.2035,5.00E-20
0.204,-1.30E-18
0.2045,-4.71E-18
0.205,9.03E-19
0.2055,-6.18E-19
0.206,-1.87E-18
0.2065,-8.17E-18
0.207,-1.08E-17
0.2075,-1.71E-17
0.208,-1.15E-17
0.2085,1.31E-18
0.209,-7.54E-18
0.2095,-3.67E-18
0.21,-1.03E-17
0.2105,-6.38E-18
0.211,-3.56E-18
0.2115,-5.02E-18
0.212,-8.88E-18
0.2125,1.14E-18
0.213,-9.42E-18
0.2135,-1.48E-17
0.214,-8.46E-18
0.2145,-4.54E-18
0.215,-1.28E-17
0.2155,4.41E-18
0.216,-2.55E-17
0.2165,-5.11E-18
0.217,-3.29E-17
0.2175,2.03E-17
0.218,-3.84E-17
0.2185,-2.08E-17
0.219,-8.49E-18
0.2195,-3.78E-17
0.22,-8.07E-18
0.2205,5.02E-18
0.221,-3.95E-17
0.2215,-1.47E-17
0.222,-1.80E-17
0.2225,-5.71E-17
0.223,1.38E-17
0.2235,-2.56E-17
0.224,-6.90E-17
0.2245,3.82E-18
0.225,-3.88E-17
0.2255,1.14E-17
0.226,-2.05E-17
0.2265,5.43E-18
0.227,-2.87E-17
0.2275,6.90E-18
0.228,-2.64E-17
0.2285,-3.15E-17
0.229,-4.28E-17
0.2295,-4.39E-17
0.23,-4.19E-17
0.2305,-3.49E-17
0.231,-1.36E-17
0.2315,-3.42E-18
0.232,-5.16E-17
0.2325,4.51E-18
0.233,6.05E-18
0.2335,-5.62E-17
0.234,1.36E-17
0.2345,-5.31E-17
0.235,-3.39E-17
0.2355,-7.14E-17
0.236,-4.34E-17
0.2365,-4.28E-17
0.237,-7.32E-17
0.2375,-2.72E-17
0.238,-7.82E-17
0.2385,4.78E-18
0.239,-2.34E-17
0.2395,-4.14E-17
0.24,-4.39E-17
0.2405,-4.32E-17
0.241,-4.34E-17
0.2415,-1.59E-17
0.242,-5.07E-17
0.2425,-1.39E-17
0.243,-5.13E-17
0.2435,-1.37E-17
0.244,-2.42E-17
0.2445,-4.72E-17
0.245,-4.72E-17
0.2455,3.36E-18
0.246,-2.12E-17
0.2465,-2.12E-17
0.247,-2.43E-17
0.2475,-3.93E-17
0.248,-7.88E-17
0.2485,-3.59E-17
0.249,-3.80E-17
0.2495,-1.73E-17
0.25,-2.27E-17
0.2505,-2.18E-17
0.251,-4.76E-17
0.2515,-2.05E-17
0.252,-2.80E-17
0.2525,2.58E-18
0.253,-9.76E-18
0.2535,-9.37E-17
0.254,-2.60E-17
0.2545,1.27E-17
0.255,-7.99E-17
0.2555,-2.86E-17
0.256,-9.34E-17
0.2565,-6.33E-17
0.257,-4.36E-17
0.2575,-5.01E-17
0.258,-7.12E-17
0.2585,-3.09E-19
0.259,-8.51E-17
0.2595,-2.20E-17
0.26,4.29E-17
0.2605,-4.71E-17
0.261,4.30E-17
0.2615,-4.98E-17
0.262,-7.64E-17
0.2625,-3.50E-17
0.263,-1.64E-17
0.2635,-5.68E-17
0.264,-1.64E-17
0.2645,-3.50E-17
0.265,-7.61E-17
0.2655,4.28E-18
0.266,4.02E-18
0.2665,-4.78E-17
0.267,-4.54E-17
0.2675,-3.47E-18
0.268,3.17E-17
0.2685,-2.08E-17
0.269,-5.11E-17
0.2695,-7.45E-18
0.27,-1.04E-16
0.2705,-1.38E-17
0.271,1.68E-18
0.2715,-2.04E-17
0.272,-5.00E-17
0.2725,-1.22E-17
0.273,-3.14E-17
0.2735,-1.97E-17
0.274,-1.02E-16
0.2745,-8.82E-18
0.275,-2.00E-17
0.2755,-4.14E-17
0.276,-7.45E-17
0.2765,-2.34E-17
0.277,3.80E-17
0.2775,-2.61E-17
0.278,-8.61E-18
0.2785,-1.25E-16
0.279,-8.88E-17
0.2795,-4.05E-17
0.28,-6.43E-17
0.2805,-6.51E-17
0.281,-3.80E-17
0.2815,-7.07E-17
0.282,-1.47E-17
0.2825,-5.56E-17
0.283,-2.31E-17
0.2835,-9.51E-18
0.284,-6.90E-17
0.2845,-5.00E-17
0.285,-1.88E-17
0.2855,-5.99E-17
0.286,5.33E-17
0.2865,-7.81E-17
0.287,-4.87E-17
0.2875,-4.24E-17
0.288,-4.18E-17
0.2885,4.30E-18
0.289,-3.04E-17
0.2895,-1.27E-17
0.29,-4.88E-17
0.2905,-5.24E-17
0.291,-1.73E-18
0.2915,-9.82E-17
0.292,-1.58E-17
0.2925,-5.13E-17
0.293,-3.93E-17
0.2935,-2.43E-17
0.294,3.40E-17
0.2945,1.83E-17
0.295,-4.55E-18
0.2955,-2.76E-17
0.296,1.22E-17
0.2965,-2.14E-17
0.297,-5.67E-17
0.2975,-1.20E-17
0.298,-2.55E-17
0.2985,1.13E-17
0.299,-7.48E-17
0.2995,-4.73E-17
0.3,3.98E-18
0.3005,-2.36E-17
0.301,-3.98E-17
0.3015,-7.73E-17
0.302,1.38E-17
0.3025,-5.54E-18
0.303,8.32E-18
0.3035,-8.27E-17
0.304,1.47E-17
0.3045,2.37E-17
0.305,-3.46E-17
0.3055,-1.70E-18
0.306,-2.36E-17
0.3065,-3.38E-17
0.307,-3.63E-17
0.3075,-2.53E-18
0.308,-1.87E-17
0.3085,-5.29E-17
0.309,-1.63E-17
0.3095,-2.59E-17
0.31,1.72E-17
0.3105,-5.35E-18
0.311,4.22E-18
0.3115,-3.90E-17
0.312,-2.96E-17
0.3125,-1.03E-17
0.313,-8.06E-18
0.3135,-2.25E-17
0.314,-3.20E-17
0.3145,-5.84E-17
0.315,-1.84E-17
0.3155,-3.95E-17
0.316,8.68E-18
0.3165,-8.97E-18
0.317,-3.79E-17
0.3175,-2.10E-17
0.318,-8.11E-18
0.3185,-2.53E-17
0.319,-6.97E-18
0.3195,-2.56E-17
0.32,-3.45E-17
0.3205,-1.77E-17
0.321,-2.47E-17
0.3215,9.91E-20
0.322,-2.20E-17
0.3225,-2.86E-18
0.323,-1.97E-17
0.3235,4.83E-18
0.324,-1.33E-17
0.3245,-9.73E-18
0.325,9.33E-19
0.3255,-7.75E-18
0.326,-9.33E-18
0.3265,-1.31E-17
0.327,3.57E-18
0.3275,-1.49E-17
0.328,4.77E-18
0.3285,-2.48E-17
0.329,1.11E-18
0.3295,-6.26E-18
0.33,-5.18E-18
0.3305,-5.56E-18
0.331,-5.12E-18
0.3315,-9.92E-18
0.332,2.90E-18
0.3325,-1.03E-17
0.333,-1.98E-18
0.3335,-1.48E-18
0.334,-1.07E-18
0.3345,-6.43E-19
0.335,-1.28E-18
0.3355,-2.29E-19
0.336,5.28E-19
0.3365,8.85E-19
0.337,2.89E-18
0.3375,1.24E-18
0.338,-1.42E-18
0.3385,-2.43E-19
0.339,4.11E-18
0.3395,3.04E-18
0.34,3.43E-18
0.3405,-5.15E-19
0.341,2.06E-18
0.3415,8.53E-18
0.342,5.72E-18
0.3425,1.12E-18
0.343,-6.75E-18
0.3435,2.32E-19
0.344,-1.05E-18
0.3445,1.08E-17
0.345,1.58E-17
0.3455,2.34E-17
0.346,2.77E-17
0.3465,2.86E-17
0.347,1.37E-17
0.3475,1.43E-17
0.348,1.97E-17
0.3485,-2.60E-18
0.349,4.39E-18
0.3495,1.76E-17
0.35,9.22E-18
0.3505,2.44E-17
0.351,9.72E-18
0.3515,1.80E-18
0.352,1.06E-17
0.3525,7.23E-18
0.353,1.18E-17
0.3535,2.43E-17
0.354,7.29E-18
0.3545,-2.18E-18
0.355,4.27E-17
0.3555,1.29E-17
0.356,3.59E-17
0.3565,-2.46E-18
0.357,1.48E-18
0.3575,2.40E-17
0.358,1.87E-17
0.3585,3.13E-17
0.359,6.50E-17
0.3595,6.50E-18
0.36,1.55E-18
0.3605,6.61E-17
0.361,4.28E-18
0.3615,2.31E-17
0.362,1.98E-17
0.3625,1.40E-17
0.363,-1.07E-17
0.3635,8.37E-17
0.364,2.51E-17
0.3645,2.50E-17
0.365,-2.25E-17
0.3655,5.49E-17
0.366,-5.46E-18
0.3665,-5.51E-18
0.367,5.50E-17
0.3675,1.83E-17
0.368,1.97E-18
0.3685,1.32E-18
0.369,-7.26E-18
0.3695,2.16E-19
0.37,6.39E-18
0.3705,1.71E-18
0.371,-1.32E-17
0.3715,5.12E-17
0.372,1.38E-17
0.3725,5.11E-17
0.373,1.43E-17
0.3735,2.16E-17
0.374,8.42E-17
0.3745,4.46E-18
0.375,5.56E-17
0.3755,-2.16E-17
0.376,8.58E-17
0.3765,1.39E-17
0.377,4.37E-17
0.3775,4.39E-17
0.378,1.35E-17
0.3785,5.99E-17
0.379,-2.04E-17
0.3795,7.66E-17
0.38,4.92E-17
0.3805,4.18E-17
0.381,1.63E-17
0.3815,2.31E-17
0.382,2.12E-17
0.3825,2.20E-17
0.383,4.85E-17
0.3835,4.43E-17
0.384,6.19E-17
0.3845,4.34E-17
0.385,5.20E-17
0.3855,8.65E-18
0.386,4.35E-17
0.3865,2.27E-17
0.387,-3.18E-17
0.3875,5.68E-17
0.388,3.74E-17
0.3885,2.63E-17
0.389,1.49E-17
0.3895,9.91E-17
0.39,2.65E-17
0.3905,8.25E-17
0.391,6.18E-18
0.3915,1.05E-16
0.392,-1.71E-17
0.3925,1.80E-17
0.393,7.51E-17
0.3935,4.45E-17
0.394,3.45E-17
0.3945,1.05E-16
0.395,1.06E-17
0.3955,3.77E-17
0.396,9.89E-17
0.3965,4.58E-18
0.397,6.79E-17
0.3975,-4.33E-17
0.398,5.77E-17
0.3985,4.52E-17
0.399,2.17E-17
0.3995,-5.68E-17
0.4,-2.74E-17
0.4005,6.36E-17
0.401,3.33E-17
0.4015,3.61E-17
0.402,5.52E-17
0.4025,-2.42E-17
0.403,9.66E-17
0.4035,5.58E-17
0.404,7.06E-17
0.4045,-3.04E-17
0.405,3.24E-18
0.4055,-3.76E-17
0.406,7.20E-17
0.4065,1.12E-16
0.407,1.29E-16
0.4075,-3.39E-17
0.408,8.89E-17
0.4085,1.38E-17
0.409,4.11E-17
0.4095,2.70E-17
0.41,1.39E-16
0.4105,1.39E-17
0.411,1.84E-17
0.4115,1.51E-17
0.412,5.13E-17
0.4125,3.98E-17
0.413,7.71E-17
0.4135,-1.28E-17
0.414,5.66E-17
0.4145,-8.21E-18
0.415,1.34E-16
0.4155,4.07E-17
0.416,-8.93E-18
0.4165,7.75E-17
0.417,3.42E-17
0.4175,4.58E-17
0.418,4.27E-17
0.4185,7.10E-17
0.419,3.60E-17
0.4195,4.54E-17
0.42,4.28E-17
0.4205,1.60E-17
0.421,5.06E-17
0.4215,4.18E-17
0.422,4.25E-17
0.4225,4.85E-17
0.423,2.38E-17
0.4235,-1.36E-17
0.424,3.07E-17
0.4245,-6.62E-18
0.425,5.07E-17
0.4255,8.88E-18
0.426,7.13E-17
0.4265,6.86E-17
0.427,4.47E-17
0.4275,1.28E-17
0.428,8.91E-17
0.4285,-3.39E-17
0.429,-2.87E-17
0.4295,1.87E-17
0.43,5.66E-17
0.4305,1.52E-17
0.431,1.28E-17
0.4315,6.38E-17
0.432,-3.52E-17
0.4325,2.05E-18
0.433,-4.54E-19
0.4335,-2.32E-19
0.434,1.38E-18
0.4345,-5.30E-18
0.435,1.98E-17
0.4355,5.61E-17
0.436,-1.15E-17
0.4365,4.47E-17
0.437,3.78E-17
0.4375,9.19E-17
0.438,-1.50E-17
0.4385,-4.44E-18
0.439,5.25E-18
0.4395,-1.66E-17
0.44,3.72E-17
0.4405,2.18E-17
0.441,-2.17E-17
0.4415,4.13E-17
0.442,2.41E-17
0.4425,7.11E-17
0.443,-2.45E-17
0.4435,1.70E-17
0.444,7.87E-18
0.4445,2.83E-18
0.445,-1.92E-17
0.4455,7.77E-17
0.446,1.64E-17
0.4465,2.80E-17
0.447,1.62E-18
0.4475,3.05E-17
0.448,-2.12E-17
0.4485,4.41E-17
0.449,-1.50E-17
0.4495,2.96E-17
0.45,1.29E-17
0.4505,2.49E-17
0.451,-1.01E-17
0.4515,1.53E-17
0.452,2.59E-19
0.4525,1.12E-17
0.453,2.01E-17
0.4535,1.12E-17
0.454,1.39E-17
0.4545,1.21E-17
0.455,-1.08E-17
0.4555,4.49E-17
0.456,-1.48E-17
0.4565,2.29E-17
0.457,-6.76E-18
0.4575,1.79E-17
0.458,1.90E-17
0.4585,3.59E-18
0.459,1.98E-17
0.4595,8.09E-18
0.46,-8.18E-19
0.4605,2.05E-18
0.461,-5.22E-19
0.4615,6.91E-18
0.462,-1.46E-18
0.4625,-1.09E-18
0.463,1.27E-17
0.4635,5.15E-18
0.464,2.70E-18
0.4645,3.07E-19
0.465,-3.93E-18
0.4655,6.02E-18
0.466,5.51E-18
0.4665,2.76E-18
0.467,1.43E-18
0.4675,1.38E-18
0.468,1.19E-18
0.4685,2.83E-19
0.469,8.88E-19
0.4695,6.61E-19
0.47,-3.22E-19
0.4705,-1.59E-19
0.471,-1.72E-18
0.4715,-6.73E-19
0.472,3.43E-19
0.4725,-2.42E-18
0.473,2.92E-18
0.4735,-6.27E-18
0.474,-5.19E-18
0.4745,-2.04E-18
0.475,-6.34E-18
0.4755,-8.55E-18
0.476,-1.36E-18
0.4765,-9.16E-18
0.477,-1.08E-17
0.4775,-9.26E-18
0.478,-1.03E-17
0.4785,-7.54E-18
0.479,-5.77E-18
0.4795,-1.91E-18
0.48,-1.91E-17
0.4805,-1.91E-17
0.481,5.02E-18
0.4815,-7.81E-18
0.482,-1.32E-17
0.4825,2.36E-18
0.483,-3.57E-17
0.4835,5.14E-18
0.484,-1.93E-17
0.4845,2.07E-17
0.485,-2.58E-17
0.4855,-6.15E-18
0.486,-4.21E-17
0.4865,6.92E-18
0.487,-1.31E-17
0.4875,-5.90E-18
0.488,-2.84E-17
0.4885,-1.07E-17
0.489,-7.52E-18
0.4895,-2.42E-17
0.49,1.82E-18
0.4905,3.20E-18
0.491,-2.84E-17
0.4915,2.14E-17
0.492,-3.32E-17
0.4925,-4.73E-18
0.493,-1.29E-17
0.4935,1.87E-17
0.494,-3.80E-17
0.4945,-3.45E-17
0.495,-1.93E-17
0.4955,-4.60E-17
0.496,-1.59E-17
0.4965,-4.82E-17
0.497,-3.79E-17
0.4975,4.73E-18
0.498,-2.22E-17
0.4985,-3.22E-17
0.499,-4.42E-17
0.4995,-2.37E-17
0.5,-1.87E-17
0.5005,-1.78E-17
0.501,-4.01E-17
0.5015,-5.45E-17
0.502,2.54E-17
0.5025,-2.71E-17
0.503,7.77E-18
0.5035,-3.15E-17
0.504,-1.19E-17
0.5045,-5.12E-17
0.505,-1.61E-17
0.5055,-6.95E-17
0.506,-4.14E-17
0.5065,2.24E-18
0.507,4.91E-18
0.5075,-4.94E-17
0.508,-1.26E-17
0.5085,-3.05E-17
0.509,-2.31E-17
0.5095,-7.24E-18
0.51,-1.06E-16
0.5105,-3.60E-17
0.511,-6.57E-17
0.5115,-6.39E-17
0.512,-4.16E-17
0.5125,-8.50E-17
0.513,4.63E-17
0.5135,-5.26E-17
0.514,-6.87E-17
0.5145,-7.77E-18
0.515,-5.78E-17
0.5155,6.18E-18
0.516,-2.19E-17
0.5165,-2.11E-17
0.517,3.13E-17
0.5175,-1.52E-18
0.518,-5.27E-17
0.5185,-2.02E-17
0.519,-2.39E-17
0.5195,-4.17E-17
0.52,-1.47E-17
0.5205,-5.72E-17
0.521,1.08E-17
0.5215,-4.10E-17
0.522,-7.95E-17
0.5225,2.37E-17
0.523,3.24E-17
0.5235,-5.08E-17
0.524,-7.13E-18
0.5245,-1.06E-16
0.525,-7.48E-18
0.5255,-7.68E-17
0.526,-7.55E-17
0.5265,-1.14E-16
0.527,-9.08E-17
0.5275,-7.05E-17
0.528,-1.76E-17
0.5285,1.06E-17
0.529,-7.98E-17
0.5295,8.91E-19
0.53,-1.09E-16
0.5305,-3.10E-17
0.531,-8.23E-17
0.5315,2.50E-17
0.532,-7.25E-17
0.5325,-4.27E-17
0.533,-4.42E-17
0.5335,-6.81E-17
0.534,-7.37E-17
0.5345,1.73E-19
0.535,-1.12E-16
0.5355,1.01E-17
0.536,-1.10E-17
0.5365,-1.24E-16
0.537,-3.39E-17
0.5375,-5.55E-17
0.538,-1.34E-16
0.5385,-2.60E-18
0.539,-9.53E-17
0.5395,-8.15E-17
0.54,-7.16E-17
0.5405,5.11E-18
0.541,2.37E-17
0.5415,2.84E-18
0.542,-3.50E-17
0.5425,-2.04E-17
0.543,-4.10E-17
0.5435,-2.08E-17
0.544,-6.07E-17
0.5445,-7.15E-17
0.545,1.15E-17
0.5455,-2.96E-17
0.546,4.21E-18
0.5465,-4.22E-17
0.547,-6.80E-17
0.5475,-7.61E-17
0.548,-1.79E-17
0.5485,1.75E-17
0.549,-7.94E-17
0.5495,-3.50E-17
0.55,-6.83E-17
0.5505,-8.21E-17
0.551,3.38E-17
0.5515,-5.43E-18
0.552,1.54E-17
0.5525,-5.63E-17
0.553,3.19E-17
0.5535,3.12E-17
0.554,-1.09E-16
0.5545,-5.62E-18
0.555,-5.36E-17
0.5555,1.49E-17
0.556,-3.33E-17
0.5565,-3.91E-17
0.557,-9.79E-17
0.5575,-6.23E-17
0.558,-4.32E-17
0.5585,2.26E-18
0.559,6.61E-18
0.5595,-5.62E-17
0.56,-1.45E-17
0.5605,-4.35E-17
0.561,-7.18E-17
0.5615,-3.21E-17
0.562,-6.01E-17
0.5625,3.96E-17
0.563,-5.09E-17
0.5635,-1.37E-17
0.564,-7.92E-17
0.5645,-4.80E-18
0.565,-3.17E-17
0.5655,-2.60E-17
0.566,-4.95E-17
0.5665,-8.87E-18
0.567,-7.26E-17
0.5675,-3.59E-17
0.568,-1.65E-17
0.5685,-5.57E-17
0.569,3.41E-17
0.5695,-5.56E-18
0.57,-1.18E-17
0.5705,-7.72E-17
0.571,-1.48E-17
0.5715,-4.87E-17
0.572,-2.31E-17
0.5725,1.10E-17
0.573,-7.60E-17
0.5735,-4.22E-17
0.574,-4.28E-17
0.5745,-4.67E-17
0.575,-1.69E-17
0.5755,-4.35E-17
0.576,-6.94E-17
0.5765,-2.81E-17
0.577,2.78E-19
0.5775,-5.28E-19
0.578,-2.57E-17
0.5785,5.60E-19
0.579,9.67E-18
0.5795,-6.67E-17
0.58,-2.67E-17
0.5805,-4.91E-17
0.581,-9.69E-18
0.5815,-4.71E-18
0.582,-5.03E-17
0.5825,-1.32E-17
0.583,-5.46E-17
0.5835,1.24E-17
0.584,-3.64E-17
0.5845,-3.44E-17
0.585,-3.47E-17
0.5855,-8.09E-18
0.586,-1.17E-17
0.5865,-2.38E-17
0.587,4.48E-18
0.5875,-3.53E-17
0.588,-3.09E-17
0.5885,-2.24E-17
0.589,-2.34E-17
0.5895,-1.43E-17
0.59,1.57E-18
0.5905,-2.46E-17
0.591,-1.28E-17
0.5915,-2.85E-18
0.592,-8.27E-18
0.5925,3.40E-18
0.593,-1.22E-17
0.5935,-5.90E-18
0.594,-1.05E-17
0.5945,-1.03E-17
0.595,-6.30E-18
0.5955,3.04E-18
0.596,-1.27E-17
0.5965,-3.49E-18
0.597,-1.27E-17
0.5975,-7.18E-18
0.598,-3.90E-18
0.5985,-2.01E-17
0.599,-3.16E-18
0.5995,-6.72E-18
0.6,-2.50E-18
0.6005,4.65E-19
0.601,-1.08E-18
0.6015,-4.29E-18
0.602,-2.71E-18
0.6025,-2.86E-18
0.603,-3.85E-19
0.6035,-9.49E-19
0.604,9.60E-21
0.6045,4.96E-19
0.605,8.96E-19
0.6055,2.88E-18
0.606,2.99E-18
0.6065,-3.01E-19
0.607,1.65E-18
0.6075,1.17E-17
0.608,-1.80E-18
0.6085,5.81E-18
0.609,7.63E-18
0.6095,1.25E-17
0.61,7.62E-18
0.6105,9.29E-18
0.611,5.58E-19
0.6115,1.16E-17
0.612,1.12E-17
0.6125,8.72E-18
0.613,1.90E-17
0.6135,5.97E-18
0.614,1.03E-17
0.6145,-2.58E-18
0.615,7.57E-20
0.6155,2.29E-17
0.616,2.47E-17
0.6165,1.64E-18
0.617,2.19E-17
0.6175,-5.49E-18
0.618,1.38E-17
0.6185,8.53E-18
0.619,1.03E-17
0.6195,1.64E-18
0.62,2.44E-17
0.6205,1.72E-17
0.621,2.32E-17
0.6215,2.02E-17
0.622,2.63E-17
0.6225,-8.92E-18
0.623,2.31E-17
0.6235,1.90E-17
0.624,-2.02E-17
0.6245,3.81E-17
0.625,2.16E-17
0.6255,1.93E-17
0.626,3.12E-17
0.6265,3.73E-17
0.627,1.46E-17
0.6275,-1.71E-17
0.628,1.63E-17
0.6285,-1.05E-17
0.629,3.94E-17
0.6295,6.74E-18
0.63,3.99E-17
0.6305,1.50E-17
0.631,4.39E-17
0.6315,5.60E-17
0.632,5.76E-17
0.6325,3.90E-17
0.633,6.02E-17
0.6335,3.16E-17
0.634,-5.32E-18
0.6345,3.09E-17
0.635,-1.56E-17
0.6355,5.90E-17
0.636,1.24E-17
0.6365,2.17E-17
0.637,3.52E-18
0.6375,1.92E-17
0.638,4.96E-17
0.6385,-1.25E-17
0.639,2.80E-17
0.6395,3.18E-18
0.64,1.43E-17
0.6405,9.73E-17
0.641,6.93E-18
0.6415,6.01E-17
0.642,-1.45E-17
0.6425,5.29E-17
0.643,8.18E-18
0.6435,7.20E-17
0.644,9.41E-17
0.6445,7.20E-17
0.645,3.59E-17
0.6455,1.72E-17
0.646,-2.96E-17
0.6465,5.36E-17
0.647,4.80E-17
0.6475,1.47E-17
0.648,5.08E-17
0.6485,-4.03E-17
0.649,6.28E-17
0.6495,2.18E-17
0.65,-1.97E-17
0.6505,8.46E-17
0.651,4.40E-17
0.6515,2.70E-17
0.652,8.07E-17
0.6525,1.29E-17
0.653,5.29E-17
0.6535,-4.67E-17
0.654,5.87E-17
0.6545,1.72E-17
0.655,8.52E-17
0.6555,4.80E-18
0.656,5.32E-17
0.6565,1.52E-17
0.657,1.60E-17
0.6575,5.07E-17
0.658,4.14E-17
0.6585,4.40E-17
0.659,1.53E-17
0.6595,7.99E-17
0.66,2.80E-17
0.6605,6.84E-17
0.661,1.16E-16
0.6615,8.91E-17
0.662,-3.50E-17
0.6625,3.08E-17
0.663,1.43E-17
0.6635,1.47E-17
0.664,5.71E-17
0.6645,1.71E-17
0.665,8.72E-17
0.6655,4.47E-17
0.666,-5.78E-18
0.6665,6.09E-17
0.667,-3.26E-17
0.6675,2.20E-17
0.668,4.71E-17
0.6685,-5.40E-18
0.669,2.94E-17
0.6695,4.52E-17
0.67,2.24E-17
0.6705,-5.98E-17
0.671,3.89E-17
0.6715,6.82E-18
0.672,6.39E-17
0.6725,1.00E-16
0.673,2.81E-17
0.6735,7.49E-17
0.674,3.49E-17
0.6745,7.31E-17
0.675,6.28E-17
0.6755,9.33E-17
0.676,5.69E-17
0.6765,9.69E-17
0.677,4.83E-17
0.6775,1.00E-16
0.678,1.67E-17
0.6785,4.58E-17
0.679,6.04E-17
0.6795,4.80E-17
0.68,1.38E-16
0.6805,2.36E-17
0.681,1.10E-16
0.6815,-2.72E-17
0.682,1.36E-16
0.6825,-2.89E-18
0.683,3.34E-17
0.6835,2.69E-17
0.684,1.66E-17
0.6845,9.33E-18
0.685,7.62E-17
0.6855,2.12E-17
0.686,2.41E-17
0.6865,1.24E-17
0.687,5.65E-17
0.6875,-5.70E-18
0.688,2.13E-17
0.6885,2.33E-17
0.689,-1.17E-17
0.6895,5.10E-17
0.69,6.80E-17
0.6905,9.48E-17
0.691,-9.16E-18
0.6915,-3.14E-18
0.692,4.92E-17
0.6925,-1.60E-17
0.693,9.73E-17
0.6935,-1.03E-17
0.694,-1.20E-18
0.6945,1.51E-17
0.695,1.61E-17
0.6955,2.33E-17
0.696,4.83E-17
0.6965,4.38E-17
0.697,6.44E-17
0.6975,6.14E-17
0.698,5.27E-17
0.6985,1.53E-17
0.699,4.35E-17
0.6995,4.35E-17
0.7,1.53E-17
0.7005,5.27E-17
0.701,6.43E-18
0.7015,7.91E-17
0.702,3.98E-17
0.7025,4.92E-17
0.703,-3.88E-18
0.7035,2.13E-17
0.704,4.86E-17
0.7045,-3.82E-17
0.705,5.64E-17
0.7055,4.53E-17
0.706,2.28E-17
0.7065,2.12E-17
0.707,-4.97E-18
0.7075,-1.33E-18
0.708,3.78E-17
0.7085,3.16E-17
0.709,3.35E-18
0.7095,2.00E-17
0.71,-3.21E-17
0.7105,3.33E-17
0.711,-1.23E-17
0.7115,4.32E-17
0.712,7.01E-18
0.7125,2.13E-17
0.713,2.42E-17
0.7135,1.21E-17
0.714,6.25E-18
0.7145,2.80E-17
0.715,-1.79E-18
0.7155,6.67E-18
0.716,2.64E-17
0.7165,-9.67E-18
0.717,3.98E-17
0.7175,4.51E-18
0.718,4.85E-17
0.7185,3.43E-17
0.719,-4.28E-18
0.7195,2.41E-17
0.72,1.06E-17
0.7205,1.22E-17
0.721,1.93E-17
0.7215,2.68E-17
0.722,-1.02E-17
0.7225,4.14E-17
0.723,1.23E-17
0.7235,-1.18E-17
0.724,-3.02E-17
0.7245,3.00E-17
0.725,-1.05E-18
0.7255,2.05E-17
0.726,1.68E-17
0.7265,2.36E-17
0.727,-1.61E-18
0.7275,2.23E-17
0.728,3.24E-18
0.7285,1.10E-17
0.729,1.08E-17
0.7295,1.10E-17
0.73,1.04E-17
0.7305,1.92E-17
0.731,-3.54E-18
0.7315,8.69E-18
0.732,1.07E-17
0.7325,6.69E-18
0.733,-4.93E-18
0.7335,3.64E-18
0.734,3.20E-18
0.7345,6.72E-18
0.735,2.47E-18
0.7355,2.65E-18
0.736,3.19E-18
0.7365,2.58E-18
0.737,2.75E-18
0.7375,1.83E-18
0.738,-3.19E-19
0.7385,-2.25E-19
0.739,-8.29E-19
0.7395,-2.34E-18
0.74,-2.73E-19
0.7405,1.72E-18
0.741,-1.80E-19
0.7415,-9.96E-19
0.742,-5.69E-18
0.7425,-5.34E-18
0.743,-2.03E-18
0.7435,-2.81E-18
0.744,-9.86E-18
0.7445,-3.10E-18
0.745,-1.37E-17
0.7455,-3.71E-18
0.746,-1.09E-17
0.7465,-1.10E-17
0.747,-1.03E-17
0.7475,-1.29E-17
0.748,-3.15E-18
0.7485,-1.39E-17
0.749,-6.32E-18
0.7495,6.66E-18
0.75,-1.34E-17
0.7505,-1.80E-17
0.751,-1.22E-17
0.7515,-3.08E-17
0.752,-1.35E-17
0.7525,-1.29E-17
0.753,-1.07E-19
0.7535,-1.42E-17
0.754,-8.15E-18
0.7545,-3.20E-17
0.755,-1.77E-17
0.7555,-1.36E-17
0.756,-2.06E-17
0.7565,-3.41E-17
0.757,-2.46E-17
0.7575,-1.16E-17
0.758,-7.93E-18
0.7585,-2.17E-17
0.759,-7.73E-18
0.7595,-1.24E-17
0.76,-2.15E-17
0.7605,-5.93E-17
0.761,-5.29E-17
0.7615,-4.07E-17
0.762,-4.44E-17
0.7625,-2.80E-17
0.763,-5.26E-17
0.7635,5.59E-18
0.764,2.74E-18
0.7645,-1.65E-17
0.765,-5.29E-17
0.7655,-4.57E-17
0.766,-2.44E-17
0.7665,-5.17E-17
0.767,-1.53E-17
0.7675,-3.09E-17
0.768,-2.89E-17
0.7685,2.52E-18
0.769,-8.75E-17
0.7695,1.21E-17
0.77,-4.33E-17
0.7705,-4.39E-17
0.771,-6.87E-17
0.7715,-4.40E-17
0.772,-1.54E-17
0.7725,-2.46E-17
0.773,1.13E-17
0.7735,-7.57E-17
0.774,-4.39E-17
0.7745,-6.39E-17
0.775,-6.34E-17
0.7755,-1.79E-17
0.776,-2.27E-17
0.7765,-4.89E-17
0.777,-4.19E-17
0.7775,-4.37E-17
0.778,-4.36E-17
0.7785,-4.20E-17
0.779,-2.13E-17
0.7795,-3.06E-17
0.78,-1.39E-17
0.7805,-1.64E-17
0.781,4.55E-18
0.7815,-2.92E-17
0.782,-4.52E-17
0.7825,-5.01E-17
0.783,1.29E-17
0.7835,-5.66E-17
0.784,8.19E-18
0.7845,-3.66E-18
0.785,-2.10E-17
0.7855,-1.48E-17
0.786,-5.00E-17
0.7865,-1.81E-17
0.787,-3.52E-17
0.7875,-1.29E-16
0.788,-1.78E-17
0.7885,-4.03E-17
0.789,-5.38E-17
0.7895,-7.98E-17
0.79,-1.73E-17
0.7905,-3.60E-17
0.791,-7.15E-17
0.7915,-1.32E-17
0.792,-8.83E-17
0.7925,3.49E-18
0.793,-1.11E-16
0.7935,1.66E-18
0.794,-8.10E-17
0.7945,1.44E-17
0.795,-5.89E-17
0.7955,-3.88E-17
0.796,-4.62E-17
0.7965,1.82E-17
0.797,-1.09E-16
0.7975,-1.93E-17
0.798,-1.56E-16
0.7985,8.95E-19
0.799,-6.00E-17
0.7995,6.33E-18
0.8,-2.03E-17
0.8005,-5.51E-17
0.801,6.29E-17
0.8015,-4.64E-17
0.802,4.75E-17
0.8025,-1.34E-17
0.803,3.37E-17
0.8035,-7.39E-17
0.804,-1.85E-17
0.8045,-9.68E-18
0.805,2.97E-17
0.8055,-3.41E-17
0.806,5.90E-17
0.8065,3.43E-18
0.807,-4.52E-17
0.8075,-2.79E-17
0.808,-7.57E-19
0.8085,3.45E-18
0.809,-1.30E-17
0.8095,-1.09E-16
0.81,1.08E-17
0.8105,-1.66E-17
0.811,-1.02E-16
0.8115,-1.35E-17
0.812,-2.90E-17
0.8125,2.68E-17
0.813,-1.33E-16
0.8135,-6.22E-17
0.814,-3.60E-17
0.8145,-5.40E-17
0.815,-3.56E-17
0.8155,-6.36E-17
0.816,-7.27E-17
0.8165,-6.33E-17
0.817,-6.43E-17
0.8175,-4.21E-17
0.818,-5.48E-17
0.8185,1.20E-18
0.819,-8.01E-17
0.8195,1.13E-17
0.82,-4.75E-17
0.8205,-5.41E-17
0.821,3.13E-17
0.8215,-5.11E-17
0.822,-3.23E-17
0.8225,-2.51E-17
0.823,2.56E-18
0.8235,-4.01E-17
0.824,-4.73E-17
0.8245,-3.10E-17
0.825,1.37E-17
0.8255,-2.38E-17
0.826,-7.60E-17
0.8265,-6.26E-17
0.827,-8.92E-18
0.8275,-3.18E-17
0.828,6.03E-18
0.8285,-1.98E-17
0.829,-5.69E-17
0.8295,1.48E-17
0.83,-2.96E-17
0.8305,1.05E-18
0.831,-2.96E-17
0.8315,1.47E-17
0.832,-5.66E-17
0.8325,-2.10E-17
0.833,1.05E-17
0.8335,-2.11E-17
0.834,-5.62E-17
0.8345,-1.42E-17
0.835,-4.45E-17
0.8355,-1.31E-17
0.836,-3.32E-17
0.8365,-1.18E-17
0.837,-7.73E-17
0.8375,1.33E-17
0.838,-8.59E-17
0.8385,2.24E-17
0.839,-3.11E-17
0.8395,-4.67E-19
0.84,-2.20E-17
0.8405,-1.42E-17
0.841,-5.14E-17
0.8415,-4.04E-17
0.842,-1.95E-17
0.8425,-2.52E-17
0.843,-9.65E-18
0.8435,-1.21E-18
0.844,1.45E-17
0.8445,-5.46E-18
0.845,-6.39E-18
0.8455,-4.78E-17
0.846,-3.52E-17
0.8465,-2.03E-17
0.847,-2.76E-17
0.8475,-5.09E-17
0.848,1.21E-17
0.8485,-5.23E-17
0.849,-7.92E-18
0.8495,-8.54E-18
0.85,-3.67E-17
0.8505,-1.22E-17
0.851,-7.10E-18
0.8515,-2.45E-17
0.852,2.42E-18
0.8525,1.07E-18
0.853,-2.04E-17
0.8535,-4.94E-17
0.854,-1.45E-17
0.8545,-5.01E-17
0.855,-4.07E-18
0.8555,-3.99E-17
0.856,-1.77E-17
0.8565,-5.58E-18
0.857,-2.50E-17
0.8575,-2.44E-17
0.858,-2.12E-17
0.8585,-2.11E-17
0.859,-1.77E-17
0.8595,-5.54E-18
0.86,5.00E-19
0.8605,3.54E-18
0.861,-1.47E-17
0.8615,-3.08E-18
0.862,-1.93E-17
0.8625,3.29E-18
0.863,-7.60E-18
0.8635,-5.42E-18
0.864,-1.01E-17
0.8645,-5.44E-18
0.865,6.23E-18
0.8655,-7.10E-19
0.866,-1.03E-17
0.8665,-3.58E-18
0.867,-7.95E-18
0.8675,-6.52E-18
0.868,-1.93E-18
0.8685,-2.02E-18
0.869,-9.67E-18
0.8695,-2.91E-18
0.87,-4.79E-18
0.8705,-2.33E-18
0.871,-4.18E-19
0.8715,-1.78E-18
0.872,2.52E-19
0.8725,-2.00E-19
0.873,7.76E-19
0.8735,1.22E-18
0.874,1.20E-18
0.8745,2.96E-18
0.875,3.20E-18
0.8755,4.88E-19
0.876,6.41E-18
0.8765,2.95E-18
0.877,1.47E-18
0.8775,1.09E-17
0.878,-6.40E-18
0.8785,8.81E-18
0.879,9.66E-18
0.8795,1.35E-18
0.88,-2.23E-18
0.8805,1.44E-17
0.881,9.56E-18
0.8815,1.93E-17
0.882,4.06E-18
0.8825,-2.98E-18
0.883,7.88E-18
0.8835,4.00E-18
0.884,1.55E-17
0.8845,2.47E-17
0.885,9.00E-18
0.8855,4.38E-18
0.886,1.29E-17
0.8865,9.21E-18
0.887,2.22E-17
0.8875,2.52E-17
0.888,7.27E-18
0.8885,2.46E-17
0.889,1.08E-17
0.8895,1.09E-17
0.89,-3.09E-18
0.8905,1.49E-18
0.891,1.09E-17
0.8915,3.37E-17
0.892,8.06E-18
0.8925,-9.25E-19
0.893,2.31E-17
0.8935,1.10E-17
0.894,-1.58E-17
0.8945,2.83E-17
0.895,3.25E-17
0.8955,3.68E-17
0.896,-1.19E-17
0.8965,2.44E-17
0.897,3.06E-17
0.8975,-2.81E-18
0.898,-5.59E-18
0.8985,5.27E-17
0.899,1.39E-17
0.8995,4.94E-17
0.9,2.11E-17
0.9005,-3.91E-18
0.901,3.57E-17
0.9015,1.49E-17
0.902,6.24E-17
0.9025,1.94E-17
0.903,-3.73E-17
0.9035,4.11E-17
0.904,-2.44E-17
0.9045,-1.85E-17
0.905,-3.16E-17
0.9055,4.24E-17
0.906,6.72E-17
0.9065,2.40E-17
0.907,2.17E-17
0.9075,1.93E-17
0.908,3.11E-17
0.9085,1.38E-17
0.909,1.64E-17
0.9095,7.81E-17
0.91,3.41E-17
0.9105,1.83E-17
0.911,7.77E-17
0.9115,3.37E-17
0.912,4.76E-17
0.9125,3.59E-17
0.913,6.90E-17
0.9135,7.86E-17
0.914,-2.04E-17
0.9145,5.80E-17
0.915,-6.32E-18
0.9155,4.98E-17
0.916,3.99E-17
0.9165,2.33E-17
0.917,-3.15E-18
0.9175,-1.07E-17
0.918,4.61E-17
0.9185,5.92E-17
0.919,-2.27E-17
0.9195,8.66E-17
0.92,-1.58E-17
0.9205,5.91E-17
0.921,-4.28E-17
0.9215,9.19E-17
0.922,1.04E-17
0.9225,-3.31E-18
0.923,2.86E-18
0.9235,-8.15E-18
0.924,5.72E-17
0.9245,1.20E-17
0.925,5.25E-17
0.9255,1.07E-17
0.926,3.49E-17
0.9265,8.25E-17
0.927,-2.94E-17
0.9275,-1.23E-17
0.928,1.06E-16
0.9285,-2.50E-18
0.929,-1.38E-17
0.9295,8.53E-17
0.93,-4.71E-17
0.9305,8.29E-17
0.931,1.06E-16
0.9315,-1.34E-17
0.932,1.05E-16
0.9325,5.77E-17
0.933,6.74E-18
0.9335,4.55E-17
0.934,-1.09E-17
0.9345,5.30E-17
0.935,4.13E-18
0.9355,8.81E-17
0.936,3.38E-17
0.9365,3.69E-17
0.937,7.88E-17
0.9375,1.08E-17
0.938,8.12E-18
0.9385,1.17E-17
0.939,7.51E-17
0.9395,2.31E-17
0.94,1.75E-17
0.9405,3.71E-17
0.941,9.44E-17
0.9415,7.84E-17
0.942,1.13E-16
0.9425,6.71E-17
0.943,9.24E-18
0.9435,1.08E-16
0.944,-5.23E-18
0.9445,9.75E-17
0.945,-4.95E-17
0.9455,8.04E-17
0.946,6.32E-17
0.9465,5.71E-17
0.947,7.12E-17
0.9475,4.83E-17
0.948,-4.12E-18
0.9485,2.32E-17
0.949,4.14E-17
0.9495,4.39E-17
0.95,1.57E-17
0.9505,5.08E-17
0.951,1.39E-17
0.9515,2.38E-17
0.952,4.85E-17
0.9525,4.23E-17
0.953,6.98E-17
0.9535,4.13E-17
0.954,2.52E-17
0.9545,1.53E-17
0.955,4.35E-17
0.9555,1.59E-17
0.956,2.31E-17
0.9565,4.91E-17
0.957,4.05E-17
0.9575,4.92E-17
0.958,2.31E-17
0.9585,-1.16E-17
0.959,2.31E-17
0.9595,4.93E-17
0.96,6.73E-17
0.9605,4.45E-17
0.961,1.51E-17
0.9615,5.27E-17
0.962,-2.08E-17
0.9625,5.81E-17
0.963,2.13E-17
0.9635,1.44E-17
0.964,2.38E-17
0.9645,7.55E-17
0.965,6.46E-17
0.9655,1.42E-18
0.966,8.73E-17
0.9665,-4.29E-17
0.967,3.65E-17
0.9675,2.70E-17
0.968,-1.46E-17
0.9685,3.12E-17
0.969,-7.73E-18
0.9695,2.72E-17
0.97,2.91E-17
0.9705,1.42E-17
0.971,1.68E-17
0.9715,4.89E-17
0.972,2.04E-17
0.9725,2.70E-17
0.973,1.56E-18
0.9735,-5.76E-18
0.974,7.65E-17
0.9745,7.66E-18
0.975,5.05E-17
0.9755,-4.41E-18
0.976,2.21E-17
0.9765,4.60E-17
0.977,-9.71E-19
0.9775,-2.84E-17
0.978,-1.84E-18
0.9785,3.57E-17
0.979,-2.48E-17
0.9795,3.95E-17
0.98,-6.66E-18
0.9805,9.16E-19
0.981,3.05E-17
0.9815,-6.50E-18
0.982,3.68E-17
0.9825,4.09E-17
0.983,3.24E-17
0.9835,2.47E-17
0.984,-1.24E-18
0.9845,7.71E-18
0.985,3.54E-17
0.9855,1.82E-17
0.986,3.56E-17
0.9865,6.97E-18
0.987,2.90E-17
0.9875,6.96E-18
0.988,3.56E-17
0.9885,1.81E-17
0.989,3.57E-17
0.9895,2.04E-17
0.99,1.29E-17
0.9905,-6.81E-18
0.991,2.81E-17
0.9915,-3.07E-18
0.992,-2.10E-18
0.9925,2.52E-17
0.993,1.75E-17
0.9935,9.09E-18
0.994,1.11E-17
0.9945,-2.37E-18
0.995,5.22E-18
0.9955,2.09E-17
0.996,8.73E-18
0.9965,2.36E-18
0.997,7.49E-18
0.9975,1.95E-19
0.998,-1.40E-18
0.9985,1.23E-17
0.999,1.05E-17
0.9995,1.10E-17
1,1.08E-17
